{"cameraMode":{"drawMode":0,"name":"Shaded","section":"Shading Mode"},"sceneLighting":true,"audioPlay":false,"sceneViewState":{"m_AlwaysRefresh":false,"showFog":true,"showSkybox":true,"showFlares":true,"showImageEffects":true,"showParticleSystems":true,"showVisualEffectGraphs":true,"m_FxEnabled":true},"in2DMode":false,"pivot":{"x":84.54212188720703,"y":-1.1057960987091065,"z":-4.1207194328308109},"rotation":{"x":-0.10653992742300034,"y":-0.03519395738840103,"z":0.003773375879973173,"w":-0.9936785101890564},"size":13.775567054748536,"orthographic":false}